City_ID,City,Lat,Lng,Max Temp,Humidity,Cloudiness,Wind Speed,Country,Date
0,Tvoroyri,61.5556,-6.8111,49.39,89,100,26.57,FO,2021-11-06 18:31:37
1,Hobart,-42.8794,147.3294,53.46,65,75,4.0,AU,2021-11-06 18:26:44
2,Tiksi,71.6872,128.8694,-4.09,93,68,13.94,RU,2021-11-06 18:31:37
3,Palmas,-10.2128,-48.3603,84.07,74,40,4.61,BR,2021-11-06 18:31:38
4,Bethel,41.3712,-73.414,53.89,45,1,1.01,US,2021-11-06 18:30:41
5,Parsons,37.3403,-95.2611,61.99,51,0,12.97,US,2021-11-06 18:31:38
6,Yellowknife,62.456,-114.3525,31.41,99,75,9.22,CA,2021-11-06 18:30:04
7,College,64.8569,-147.8028,26.55,88,75,0.0,US,2021-11-06 18:31:39
8,Eydhafushi,5.1033,73.0708,81.99,77,81,15.12,MV,2021-11-06 18:31:39
9,Scarborough,54.2797,-0.4044,55.51,86,72,4.0,GB,2021-11-06 18:30:32
10,Puerto Ayora,-0.7393,-90.3518,76.96,72,43,11.65,EC,2021-11-06 18:31:14
11,Teguldet,57.3064,88.1667,22.69,91,100,11.81,RU,2021-11-06 18:31:40
12,Bluff,-46.6,168.3333,51.8,85,100,1.9,NZ,2021-11-06 18:31:40
13,Isangel,-19.55,169.2667,71.71,88,100,5.75,VU,2021-11-06 18:31:40
14,Punta Arenas,-53.15,-70.9167,51.91,71,90,17.27,CL,2021-11-06 18:31:40
15,Ust-Maya,60.4167,134.5333,-1.41,99,100,0.87,RU,2021-11-06 18:31:41
16,Bathsheba,13.2167,-59.5167,86.61,66,40,18.41,BB,2021-11-06 18:31:41
17,Barrow,71.2906,-156.7887,10.42,85,20,11.5,US,2021-11-06 18:31:41
18,New Norfolk,-42.7826,147.0587,53.1,59,34,2.93,AU,2021-11-06 18:31:42
19,Ushuaia,-54.8,-68.3,49.66,53,75,13.8,AR,2021-11-06 18:27:31
20,Madisonville,37.3281,-87.4989,60.66,42,1,4.0,US,2021-11-06 18:28:17
21,Dicabisagan,17.0818,122.4157,77.52,91,66,1.32,PH,2021-11-06 18:31:42
22,Berbera,10.4396,45.0143,81.55,60,31,0.89,SO,2021-11-06 18:31:43
23,Avarua,-21.2078,-159.775,75.25,69,20,9.22,CK,2021-11-06 18:31:43
24,Marawi,7.9986,124.2928,68.65,95,39,0.72,PH,2021-11-06 18:31:43
25,Qaanaaq,77.484,-69.3632,7.14,72,99,7.74,GL,2021-11-06 18:31:43
26,Klaksvik,62.2266,-6.589,49.12,97,100,13.49,FO,2021-11-06 18:31:44
27,Katobu,-4.9408,122.5276,75.61,95,83,1.95,ID,2021-11-06 18:31:44
28,Orlovka,44.6914,44.1744,44.71,75,30,7.27,RU,2021-11-06 18:31:44
29,Cabo San Lucas,22.8909,-109.9124,90.52,51,75,2.95,MX,2021-11-06 18:30:37
30,Kavaratti,10.5669,72.642,81.9,73,3,13.31,IN,2021-11-06 18:31:45
31,Qasigiannguit,68.8193,-51.1922,13.23,83,100,4.63,GL,2021-11-06 18:31:45
32,Port Alfred,-33.5906,26.891,63.09,83,100,4.38,ZA,2021-11-06 18:30:26
33,Pilikwe,-22.799,27.1938,84.47,31,77,6.4,BW,2021-11-06 18:31:46
34,Gamba,-2.65,10.0,77.56,89,100,5.12,GA,2021-11-06 18:31:46
35,Trat,12.5,102.5,81.99,94,94,2.26,TH,2021-11-06 18:31:46
36,Albany,42.6001,-73.9662,53.8,50,13,1.01,US,2021-11-06 18:27:25
37,Bredasdorp,-34.5322,20.0403,60.28,59,100,2.3,ZA,2021-11-06 18:31:47
38,Kodiak,57.79,-152.4072,33.31,60,1,17.27,US,2021-11-06 18:31:47
39,Rikitea,-23.1203,-134.9692,75.43,81,100,15.77,PF,2021-11-06 18:31:47
40,Yerbogachen,61.2767,108.0108,13.28,96,94,6.2,RU,2021-11-06 18:31:48
41,Vardo,70.3705,31.1107,34.45,59,100,22.79,NO,2021-11-06 18:31:48
42,Vaini,-21.2,-175.2,75.36,88,40,5.75,TO,2021-11-06 18:31:48
43,Krasnyy Chikoy,50.3643,108.7512,9.64,59,91,2.64,RU,2021-11-06 18:31:49
44,Finschhafen,-6.6024,147.8681,77.99,78,16,2.57,PG,2021-11-06 18:31:49
45,Mandalgovi,45.7625,106.2708,10.35,68,0,10.98,MN,2021-11-06 18:31:49
46,San Carlos De Bariloche,-41.1456,-71.3082,71.35,15,0,14.97,AR,2021-11-06 18:39:46
47,Caconda,-13.7333,15.0667,66.2,80,100,6.49,AO,2021-11-06 18:39:46
48,Hvide Sande,56.0045,8.1294,53.01,86,100,30.0,DK,2021-11-06 18:38:45
49,Severo-Kurilsk,50.6789,156.125,34.77,75,6,5.3,RU,2021-11-06 18:39:46
50,Busselton,-33.65,115.3333,44.1,85,0,8.43,AU,2021-11-06 18:39:47
51,Kruisfontein,-34.0033,24.7314,60.89,75,86,2.3,ZA,2021-11-06 18:39:47
52,Thompson,55.7435,-97.8558,30.36,86,90,0.0,CA,2021-11-06 18:39:47
53,Skelleftea,64.7507,20.9528,30.99,69,22,5.75,SE,2021-11-06 18:39:47
54,Mataura,-46.1927,168.8643,51.48,84,98,0.49,NZ,2021-11-06 18:36:04
55,Bambous Virieux,-20.3428,57.7575,75.45,83,40,8.05,MU,2021-11-06 18:39:48
56,Shelburne,44.0787,-80.2041,50.45,60,89,13.73,CA,2021-11-06 18:39:48
57,Chokurdakh,70.6333,147.9167,5.49,96,100,10.76,RU,2021-11-06 18:39:48
58,Lebu,-37.6167,-73.65,57.61,77,2,14.14,CL,2021-11-06 18:39:49
59,Olafsvik,64.8945,-23.7142,35.46,86,100,20.98,IS,2021-11-06 18:37:17
60,Arman,59.7,150.1667,35.02,92,100,17.47,RU,2021-11-06 18:39:49
61,Biggar,55.6167,-3.5167,47.55,86,100,21.77,GB,2021-11-06 18:39:49
62,Butaritari,3.0707,172.7902,82.17,71,100,16.22,KI,2021-11-06 18:39:50
63,De-Kastri,51.4667,140.7833,21.22,56,5,15.93,RU,2021-11-06 18:39:50
64,Victoria,22.2855,114.1577,78.33,88,0,3.0,HK,2021-11-06 18:37:20
65,Ribeira Grande,38.5167,-28.7,72.0,83,40,23.02,PT,2021-11-06 18:39:51
66,East London,-33.0153,27.9116,67.14,77,20,8.05,ZA,2021-11-06 18:35:53
67,De Aar,-30.6497,24.0123,68.49,18,43,10.31,ZA,2021-11-06 18:39:51
68,Pabna,24.0,89.25,68.54,61,10,5.88,BD,2021-11-06 18:39:51
69,Namatanai,-3.6667,152.4333,78.84,77,48,8.57,PG,2021-11-06 18:39:52
70,Cidreira,-30.1811,-50.2056,68.16,87,65,18.32,BR,2021-11-06 18:39:52
71,High Level,58.5169,-117.136,32.11,100,90,0.0,CA,2021-11-06 18:39:52
72,Faya,18.3851,42.4509,60.91,47,0,2.46,SA,2021-11-06 18:39:53
73,Faanui,-16.4833,-151.75,80.1,69,100,4.92,PF,2021-11-06 18:39:53
74,Clyde River,70.4692,-68.5914,17.83,86,75,9.22,CA,2021-11-06 18:39:53
75,Kapaa,22.0752,-159.319,78.78,78,90,1.99,US,2021-11-06 18:39:13
76,Hasaki,35.7333,140.8333,54.0,63,100,9.53,JP,2021-11-06 18:36:31
77,Rio Gallegos,-51.6226,-69.2181,62.65,42,0,8.05,AR,2021-11-06 18:39:54
78,Narsaq,60.9167,-46.05,30.42,87,100,8.66,GL,2021-11-06 18:36:05
79,Castro,-24.7911,-50.0119,77.0,69,12,4.45,BR,2021-11-06 18:39:54
80,Provideniya,64.3833,-173.3,9.25,85,32,5.55,RU,2021-11-06 18:39:54
81,Rocha,-34.4833,-54.3333,63.61,59,61,13.42,UY,2021-11-06 18:39:55
82,Mahebourg,-20.4081,57.7,75.49,83,40,8.05,MU,2021-11-06 18:39:55
83,Kloulklubed,7.0419,134.2556,79.3,73,53,8.19,PW,2021-11-06 18:39:56
84,Jamestown,42.097,-79.2353,54.01,40,1,7.0,US,2021-11-06 18:35:32
85,Atar,20.5169,-13.0499,89.65,29,0,4.61,MR,2021-11-06 18:39:56
86,Altamont,42.2068,-121.7372,40.77,84,90,3.0,US,2021-11-06 18:36:35
87,Aswan,24.0934,32.907,82.63,23,0,10.94,EG,2021-11-06 18:39:56
88,Vanderhoof,54.0166,-124.0198,36.68,66,95,1.95,CA,2021-11-06 18:39:57
89,Vao,-22.6667,167.4833,67.46,62,8,6.93,NC,2021-11-06 18:39:57
90,Lorengau,-2.0226,147.2712,81.59,79,89,9.08,PG,2021-11-06 18:39:57
91,Nanortalik,60.1432,-45.2371,33.01,78,100,9.04,GL,2021-11-06 18:40:58
92,Atuona,-9.8,-139.0333,78.17,74,42,19.55,PF,2021-11-06 18:40:58
93,Lagoa,39.05,-27.9833,68.23,83,100,29.01,PT,2021-11-06 18:40:58
94,Zhezkazgan,47.8043,67.7144,28.45,19,8,5.32,KZ,2021-11-06 18:40:59
95,Noumea,-22.2763,166.4572,62.58,71,92,3.69,NC,2021-11-06 18:40:59
96,Lata,40.1629,-8.3327,55.06,63,0,4.38,PT,2021-11-06 18:40:59
97,Melito Di Porto Salvo,37.9222,15.7714,76.89,38,10,10.36,IT,2021-11-06 18:40:59
98,Road Town,18.4167,-64.6167,86.04,66,20,9.22,VG,2021-11-06 18:38:28
99,Toora-Khem,52.4675,96.11,9.03,98,100,0.69,RU,2021-11-06 18:41:00
100,Port Hardy,50.6996,-127.4199,41.18,93,75,8.05,CA,2021-11-06 18:41:00
101,Pevek,69.7008,170.3133,-5.89,89,20,8.66,RU,2021-11-06 18:41:01
102,Tuktoyaktuk,69.4541,-133.0374,19.4,79,90,17.27,CA,2021-11-06 18:41:01
103,Murgab,37.4966,61.9714,35.47,60,100,0.0,TM,2021-11-06 18:41:02
104,Gardone Val Trompia,45.6942,10.187,47.23,72,0,4.72,IT,2021-11-06 18:41:02
105,Bardiyah,31.7561,25.0865,70.88,73,24,9.53,LY,2021-11-06 18:41:03
106,Vestmannaeyjar,63.4427,-20.2734,40.19,81,75,23.02,IS,2021-11-06 18:41:03
107,Havelock,34.8791,-76.9013,64.38,84,100,5.99,US,2021-11-06 18:38:16
108,Eregli,37.5133,34.0467,54.79,46,0,2.82,TR,2021-11-06 18:41:03
109,Mabaruma,8.2,-59.7833,84.2,79,75,0.0,GY,2021-11-06 18:41:04
110,Cape Town,-33.9258,18.4232,61.27,64,20,1.99,ZA,2021-11-06 18:37:47
111,Olinda,-8.0089,-34.8553,87.53,62,20,9.22,BR,2021-11-06 18:38:12
112,Alofi,-19.0595,-169.9187,75.09,88,91,8.05,NU,2021-11-06 18:41:04
113,Burgeo,47.6167,-57.6152,44.4,61,89,19.42,CA,2021-11-06 18:41:05
114,Constitucion,-35.3333,-72.4167,60.31,63,6,7.63,CL,2021-11-06 18:41:05
115,Konstantinovka,49.6167,127.9833,16.03,71,0,5.41,RU,2021-11-06 18:41:05
116,Vandavasi,12.5,79.6167,74.48,91,90,7.45,IN,2021-11-06 18:41:06
117,Leningradskiy,69.3833,178.4167,-11.7,88,2,5.68,RU,2021-11-06 18:41:06
118,Biltine,14.5333,20.9167,86.32,15,0,9.13,TD,2021-11-06 18:41:06
119,Saint-Joseph,-21.3667,55.6167,73.78,78,18,8.95,RE,2021-11-06 18:41:07
120,Port-Cartier,50.0334,-66.8654,48.42,62,14,12.17,CA,2021-11-06 18:41:07
121,Aksarka,66.5606,67.7975,33.94,97,100,15.77,RU,2021-11-06 18:41:07
122,Ancud,-41.8697,-73.8203,67.42,64,0,11.1,CL,2021-11-06 18:41:08
123,Coquimbo,-29.9533,-71.3436,60.8,68,2,11.32,CL,2021-11-06 18:41:08
124,Hilo,19.7297,-155.09,82.27,68,1,3.44,US,2021-11-06 18:36:28
125,Ouallam,14.3188,2.0866,91.24,13,23,6.67,NE,2021-11-06 18:41:08
126,Esperance,-33.8667,121.9,49.84,77,0,5.66,AU,2021-11-06 18:41:09
127,Saint-Philippe,-21.3585,55.7679,74.79,79,36,8.25,RE,2021-11-06 18:41:09
128,Abapo,-18.8333,-63.4667,75.74,39,100,5.79,BO,2021-11-06 18:41:09
129,Yar-Sale,66.8333,70.8333,33.73,94,100,18.34,RU,2021-11-06 18:41:10
130,Mount Pleasant,32.7941,-79.8626,51.19,93,90,11.5,US,2021-11-06 18:41:10
131,Dikson,73.5069,80.5464,16.23,93,100,12.84,RU,2021-11-06 18:41:10
132,Arraial Do Cabo,-22.9661,-42.0278,76.96,60,0,11.5,BR,2021-11-06 18:37:02
133,Touros,-5.1989,-35.4608,86.9,69,58,12.55,BR,2021-11-06 18:36:34
134,Berlevag,70.8578,29.0864,33.37,60,100,18.12,NO,2021-11-06 18:41:11
135,Vila,42.0304,-8.1588,44.92,77,16,3.42,PT,2021-11-06 18:41:11
136,Port Elizabeth,-33.918,25.5701,63.1,94,75,3.44,ZA,2021-11-06 18:42:11
137,Tazovskiy,67.4667,78.7,31.96,98,100,17.47,RU,2021-11-06 18:42:12
138,Muros,42.7762,-9.0603,56.84,77,56,12.5,ES,2021-11-06 18:42:12
139,Saldanha,-33.0117,17.9442,60.85,70,28,19.39,ZA,2021-11-06 18:42:12
140,Talnakh,69.4865,88.3972,13.41,93,100,16.51,RU,2021-11-06 18:42:13
141,Laurel,39.0993,-76.8483,57.85,51,1,3.0,US,2021-11-06 18:42:13
142,Vila Franca Do Campo,37.7167,-25.4333,72.19,77,20,15.19,PT,2021-11-06 18:38:48
143,Hermanus,-34.4187,19.2345,60.91,68,7,5.84,ZA,2021-11-06 18:42:14
144,San Patricio,28.017,-97.5169,72.01,42,0,5.01,US,2021-11-06 18:42:14
145,Svetlaya,46.5389,138.3297,33.3,44,100,7.92,RU,2021-11-06 18:42:14
146,Meadow Lake,34.8014,-106.5436,76.41,20,10,6.29,US,2021-11-06 18:42:15
147,Pisco,-13.7,-76.2167,71.02,73,0,8.05,PE,2021-11-06 18:42:15
148,Mitu,1.1983,-70.1733,83.59,80,83,0.22,CO,2021-11-06 18:42:15
149,Ust-Donetskiy,47.6419,40.8718,48.52,69,96,3.22,RU,2021-11-06 18:42:16
150,Kahului,20.8947,-156.47,79.86,74,20,19.57,US,2021-11-06 18:42:16
151,Roebourne,-20.7833,117.1333,77.34,65,7,11.77,AU,2021-11-06 18:42:16
152,Vysokogornyy,50.1167,139.15,11.73,73,21,10.94,RU,2021-11-06 18:42:17
153,Port Blair,11.6667,92.75,81.0,80,99,6.58,IN,2021-11-06 18:42:17
154,Oranjemund,-28.55,16.4333,60.4,77,21,17.31,NA,2021-11-06 18:38:36
155,Cabedelo,-6.9811,-34.8339,88.47,71,6,10.51,BR,2021-11-06 18:42:17
156,Juba,4.8517,31.5825,78.76,59,72,1.81,SS,2021-11-06 18:42:18
157,Ostrovnoy,68.0531,39.5131,34.77,99,100,21.23,RU,2021-11-06 18:42:18
158,Mount Isa,-20.7333,139.5,76.77,73,53,3.44,AU,2021-11-06 18:42:18
159,Katsuura,35.1333,140.3,59.11,75,100,9.86,JP,2021-11-06 18:42:19
160,Santa Maria,-29.6842,-53.8069,72.7,73,90,8.05,BR,2021-11-06 18:39:27
161,Souillac,-20.5167,57.5167,75.58,83,40,8.05,MU,2021-11-06 18:42:19
162,San Jose,37.3394,-121.895,65.25,72,75,1.01,US,2021-11-06 18:42:19
163,Bilma,18.6853,12.9164,82.76,14,100,5.26,NE,2021-11-06 18:42:20
164,Davila,18.4726,120.5763,76.98,83,12,6.98,PH,2021-11-06 18:42:20
165,Parit Buntar,5.1267,100.4932,78.94,94,97,3.0,MY,2021-11-06 18:42:20
166,Dwarka,22.2394,68.9678,79.54,55,10,11.07,IN,2021-11-06 18:42:21
167,Yulara,-25.2406,130.9889,67.84,88,90,6.91,AU,2021-11-06 18:42:21
168,Omboue,-1.5746,9.2618,77.72,87,100,7.02,GA,2021-11-06 18:42:21
169,Norman Wells,65.282,-126.8329,24.84,93,75,2.3,CA,2021-11-06 18:42:19
170,Jaipur,26.9167,75.8167,65.52,52,74,0.0,IN,2021-11-06 18:38:56
171,Georgetown,5.4112,100.3354,78.89,93,20,0.0,MY,2021-11-06 18:41:33
172,Sioux Lookout,50.1001,-91.917,52.18,87,90,9.22,CA,2021-11-06 18:42:22
173,Karaton,-6.3424,106.1045,77.16,93,100,4.27,ID,2021-11-06 18:42:22
174,Dekar,-21.5333,21.9333,86.16,28,100,6.98,BW,2021-11-06 18:42:23
175,Vostok,46.4856,135.8833,15.62,85,100,3.15,RU,2021-11-06 18:42:23
176,Imbituba,-28.24,-48.6703,71.49,90,100,2.89,BR,2021-11-06 18:38:29
177,Itoman,26.1247,127.6694,75.97,85,40,17.27,JP,2021-11-06 18:42:24
178,Synya,65.3718,58.0387,36.54,98,100,11.74,RU,2021-11-06 18:42:24
179,Maltahohe,-24.8333,16.9833,72.66,11,7,11.7,NA,2021-11-06 18:43:24
180,Severnoye,56.3491,78.3619,30.81,86,100,15.19,RU,2021-11-06 18:43:25
181,Sorong,-0.8833,131.25,79.92,83,85,3.83,ID,2021-11-06 18:43:25
182,Jardim De Piranhas,-6.3786,-37.3519,98.55,24,63,4.36,BR,2021-11-06 18:43:25
183,Basco,20.4487,121.9702,81.63,81,10,7.72,PH,2021-11-06 18:43:26
184,Chuy,-33.6971,-53.4616,65.12,56,93,13.94,UY,2021-11-06 18:41:30
185,Whitehorse,60.7161,-135.0538,32.77,93,90,8.01,CA,2021-11-06 18:43:26
186,The Valley,18.217,-63.0578,87.66,62,20,12.66,AI,2021-11-06 18:43:26
187,Sharjah,25.3573,55.4033,84.18,60,20,3.44,AE,2021-11-06 18:43:14
188,Samarai,-10.6167,150.6667,82.18,78,99,14.99,PG,2021-11-06 18:42:46
189,Plouzane,48.3833,-4.6167,52.09,97,75,5.75,FR,2021-11-06 18:43:27
190,Palmer,42.1584,-72.3287,54.28,41,20,1.99,US,2021-11-06 18:42:44
191,Puerto Colombia,10.9878,-74.9547,89.69,69,88,5.39,CO,2021-11-06 18:43:27
192,Odweyne,9.4092,45.064,71.94,48,74,9.13,SO,2021-11-06 18:43:28
193,Saint-Augustin,51.226,-58.6502,40.73,52,47,11.54,CA,2021-11-06 18:43:28
194,Airai,-8.9266,125.4092,62.35,91,42,1.07,TL,2021-11-06 18:43:28
195,Pringsewu,-5.3582,104.9744,73.81,95,100,3.2,ID,2021-11-06 18:43:29
196,Wanning,18.8003,110.3967,74.7,86,31,2.13,CN,2021-11-06 18:43:29
197,Huarmey,-10.0681,-78.1522,70.59,72,19,12.75,PE,2021-11-06 18:43:29
198,Cayenne,4.9333,-52.3333,84.24,84,20,7.0,GF,2021-11-06 18:43:30
199,Yanji,42.9075,129.5078,39.02,79,100,4.05,CN,2021-11-06 18:43:30
200,Laguna,38.421,-121.4238,63.64,82,1,3.0,US,2021-11-06 18:43:30
201,Kirakira,-10.4544,161.9205,78.91,85,10,5.82,SB,2021-11-06 18:43:30
202,Rincon,32.296,-81.2354,48.38,97,90,1.99,US,2021-11-06 18:43:31
203,Porto Novo,6.4965,2.6036,82.22,79,100,7.02,BJ,2021-11-06 18:43:31
204,Upernavik,72.7868,-56.1549,15.39,81,83,9.82,GL,2021-11-06 18:43:31
205,Marabba,12.35,32.1833,92.1,20,6,6.91,SD,2021-11-06 18:43:32
206,Luanda,-8.8368,13.2343,77.0,88,75,8.05,AO,2021-11-06 18:41:49
207,La Rioja,42.25,-2.5,40.05,85,59,6.55,ES,2021-11-06 18:43:32
208,Westport,41.1415,-73.3579,55.15,49,1,1.01,US,2021-11-06 18:41:24
209,Poum,-20.2333,164.0167,73.36,68,25,6.35,NC,2021-11-06 18:43:32
210,Hay River,60.8156,-115.7999,30.18,93,90,3.44,CA,2021-11-06 18:43:33
211,Batagay-Alyta,67.8006,130.4114,-10.21,80,100,7.87,RU,2021-11-06 18:43:33
212,Tasiilaq,65.6145,-37.6368,24.96,71,45,7.29,GL,2021-11-06 18:43:33
213,Codrington,-38.2667,141.9667,52.86,61,100,9.57,AU,2021-11-06 18:43:34
214,Marystown,47.1666,-55.1483,43.86,100,37,8.01,CA,2021-11-06 18:43:34
215,Gobabis,-22.45,18.9667,86.63,12,100,3.31,NA,2021-11-06 18:43:34
216,Bulaevo,54.9056,70.4439,32.04,47,100,16.24,KZ,2021-11-06 18:41:16
217,Northam,51.0333,-4.2167,55.15,96,100,24.32,GB,2021-11-06 18:43:35
218,Petropavlovsk-Kamchatskiy,53.0452,158.6483,28.99,64,75,6.71,RU,2021-11-06 18:43:35
219,Geraldton,-28.7667,114.6,57.61,82,0,10.36,AU,2021-11-06 18:43:36
220,Hervey Bay,-25.2986,152.8535,71.04,82,15,8.86,AU,2021-11-06 18:42:04
221,Quatre Cocos,-20.2078,57.7625,75.31,80,100,12.68,MU,2021-11-06 18:43:36
222,Carnarvon,-24.8667,113.6333,64.47,77,75,20.71,AU,2021-11-06 18:43:36
223,Te Anau,-45.4167,167.7167,48.24,82,96,0.54,NZ,2021-11-06 18:44:37
224,Jatibonico,21.9419,-79.17,74.43,92,100,3.91,CU,2021-11-06 18:44:37
225,Asau,46.4333,26.4,49.95,60,100,2.26,RO,2021-11-06 18:44:37
226,Bac Lieu,9.285,105.7244,79.23,88,73,7.16,VN,2021-11-06 18:44:38
227,Ust-Kuyga,70.0167,135.6,-3.24,99,100,5.17,RU,2021-11-06 18:44:38
228,Luderitz,-26.6481,15.1594,62.02,69,86,23.89,NA,2021-11-06 18:44:38
229,Gushikawa,26.3544,127.8686,75.2,88,90,10.36,JP,2021-11-06 18:44:38
230,Alice Springs,-23.7,133.8833,67.55,100,75,4.61,AU,2021-11-06 18:44:39
231,Kailua,21.4022,-157.7394,80.58,73,20,13.8,US,2021-11-06 18:44:39
232,Abensberg,48.8167,11.85,39.33,86,3,2.55,DE,2021-11-06 18:44:40
233,Talaya,61.3833,152.75,13.3,92,100,5.95,RU,2021-11-06 18:44:40
234,Porto Nacional,-10.7081,-48.4172,84.2,55,94,6.31,BR,2021-11-06 18:44:40
235,Karratha,-20.7377,116.8463,76.62,68,9,12.1,AU,2021-11-06 18:44:40
236,Raudeberg,61.9875,5.1352,42.87,66,100,8.99,NO,2021-11-06 18:44:41
237,Banda Aceh,5.5577,95.3222,76.82,90,99,6.4,ID,2021-11-06 18:44:41
238,Xining,36.6167,101.7667,14.23,82,94,3.04,CN,2021-11-06 18:44:41
239,Caravelas,-17.7125,-39.2481,78.37,66,80,7.74,BR,2021-11-06 18:44:42
240,Kattivakkam,13.2167,80.3167,77.09,86,100,5.73,IN,2021-11-06 18:44:42
241,Carutapera,-1.195,-46.02,85.66,63,100,8.61,BR,2021-11-06 18:44:42
242,Tateyama,34.9833,139.8667,59.05,75,100,13.76,JP,2021-11-06 18:44:43
243,Cockburn Town,21.4612,-71.1419,85.96,62,40,10.36,TC,2021-11-06 18:44:43
244,Shingu,33.7333,135.9833,60.39,79,100,11.43,JP,2021-11-06 18:44:43
245,Tuy Hoa,13.0833,109.3,76.14,88,97,4.68,VN,2021-11-06 18:44:44
246,Akyab,20.15,92.9,74.26,77,6,8.93,MM,2021-11-06 18:44:44
247,Palauig,15.435,119.9045,80.73,80,34,4.52,PH,2021-11-06 18:44:44
248,Pacific Grove,36.6177,-121.9166,66.56,72,1,1.99,US,2021-11-06 18:44:45
249,Albury,-36.0833,146.9167,61.02,96,90,2.3,AU,2021-11-06 18:44:45
250,Nakatunguru,-2.1167,33.0667,76.08,69,91,6.49,TZ,2021-11-06 18:44:45
251,Taksimo,56.3444,114.8794,9.0,83,100,0.4,RU,2021-11-06 18:44:46
252,Necochea,-38.5473,-58.7368,61.03,43,38,12.37,AR,2021-11-06 18:44:46
253,Haines Junction,60.7522,-137.5108,19.35,93,100,2.3,CA,2021-11-06 18:44:17
254,Zaranj,30.9667,61.8833,51.76,16,2,16.22,AF,2021-11-06 18:44:46
255,Darnah,32.767,22.6367,71.96,62,0,4.14,LY,2021-11-06 18:44:47
256,Fortuna,40.5982,-124.1573,54.99,76,75,4.0,US,2021-11-06 18:44:47
257,Grand Gaube,-20.0064,57.6608,75.6,77,89,5.99,MU,2021-11-06 18:44:47
258,Yellandu,17.6,80.3333,68.88,80,100,0.38,IN,2021-11-06 18:44:48
259,Kampong Thum,12.7111,104.8887,76.44,89,98,1.97,KH,2021-11-06 18:44:48
260,La Ronge,55.1001,-105.2842,39.45,87,90,4.61,CA,2021-11-06 18:44:48
261,Kulhudhuffushi,6.6221,73.07,81.27,79,91,15.55,MV,2021-11-06 18:44:48
262,Fayaoue,-20.65,166.5333,71.56,71,85,9.71,NC,2021-11-06 18:44:49
263,Denia,38.8408,0.1057,63.46,45,30,11.99,ES,2021-11-06 18:44:49
264,Beira,-19.8436,34.8389,76.96,84,9,11.68,MZ,2021-11-06 18:44:49
265,Gondar,12.6,37.4667,58.23,67,91,4.43,ET,2021-11-06 18:44:50
266,Tommot,58.9564,126.2925,14.58,89,98,8.86,RU,2021-11-06 18:44:50
267,Kimberley,-28.7323,24.7623,67.69,26,0,6.91,ZA,2021-11-06 18:44:50
268,Msanga,-6.05,36.0333,77.4,30,13,6.4,TZ,2021-11-06 18:44:51
269,Broome,42.2506,-75.833,52.7,45,1,1.99,US,2021-11-06 18:44:51
270,Ewa Beach,21.3156,-158.0072,80.55,68,1,13.0,US,2021-11-06 18:45:51
271,Mar Del Plata,-38.0023,-57.5575,55.42,78,0,8.99,AR,2021-11-06 18:42:23
272,Minab,27.1467,57.0801,80.1,56,0,2.62,IR,2021-11-06 18:45:52
273,Getashen,40.044,43.942,49.62,56,0,2.04,AM,2021-11-06 18:45:52
274,Griffith,41.5284,-87.4237,59.9,49,1,1.01,US,2021-11-06 18:45:52
275,Gavle,60.6745,17.1417,35.94,88,88,3.0,SE,2021-11-06 18:45:53
276,Kaitangata,-46.2817,169.8464,50.18,87,13,1.57,NZ,2021-11-06 18:45:53
277,Bilibino,68.0546,166.4372,-6.88,91,46,3.58,RU,2021-11-06 18:45:53
278,Cherskiy,68.75,161.3,5.7,82,100,11.05,RU,2021-11-06 18:45:54
279,Alamosa,37.4695,-105.87,58.35,28,1,5.75,US,2021-11-06 18:45:54
280,Nurota,40.5614,65.6886,28.49,36,0,4.97,UZ,2021-11-06 18:45:54
281,Oda,35.1833,132.5,55.45,80,1,9.46,JP,2021-11-06 18:45:55
282,Dunedin,-45.8742,170.5036,52.81,83,8,7.0,NZ,2021-11-06 18:44:38
283,Kavieng,-2.5744,150.7967,83.05,76,27,15.01,PG,2021-11-06 18:45:55
284,Cairns,-16.9167,145.7667,73.35,87,40,8.05,AU,2021-11-06 18:43:43
285,Dawlatabad,36.4141,64.9053,38.86,26,87,2.17,AF,2021-11-06 18:45:56
286,Khuzdar,27.7384,66.6434,62.33,31,0,2.82,PK,2021-11-06 18:45:56
287,Richards Bay,-28.783,32.0377,70.41,93,94,10.0,ZA,2021-11-06 18:45:57
288,Nizhniy Kuranakh,58.8353,125.4869,13.77,90,100,7.96,RU,2021-11-06 18:45:57
289,Longyearbyen,78.2186,15.6401,19.24,58,75,8.05,SJ,2021-11-06 18:45:57
290,Karatuzskoye,53.6072,92.8667,21.54,84,100,5.39,RU,2021-11-06 18:45:58
291,Umba,66.6871,34.3429,33.46,99,100,7.47,RU,2021-11-06 18:45:58
292,Sao Jose Da Coroa Grande,-8.8978,-35.1478,81.93,74,5,16.42,BR,2021-11-06 18:45:31
293,Gavrilovka Vtoraya,52.877,42.7663,45.01,87,55,9.51,RU,2021-11-06 18:45:59
294,Tera,14.0078,0.7531,91.26,14,11,9.19,NE,2021-11-06 18:45:59
295,Samana,19.2056,-69.3369,91.62,66,20,11.5,DO,2021-11-06 18:45:11
296,Poya,-21.35,165.15,69.51,72,51,4.07,NC,2021-11-06 18:46:00
297,Tura,25.5198,90.2201,62.55,88,3,3.78,IN,2021-11-06 18:46:00
298,Fairbanks,64.8378,-147.7164,23.09,91,90,0.0,US,2021-11-06 18:41:36
299,Sitka,57.0531,-135.33,42.69,75,75,11.5,US,2021-11-06 18:46:00
300,Athni,16.7333,75.0667,78.15,49,94,10.71,IN,2021-11-06 18:46:01
301,Patea,-39.7583,174.4833,58.66,86,99,8.1,NZ,2021-11-06 18:46:01
302,Khatanga,71.9667,102.5,12.24,93,100,13.0,RU,2021-11-06 18:46:02
303,Karwar,14.8,74.1333,78.58,83,100,7.38,IN,2021-11-06 18:46:03
304,Biak,-0.9131,122.8766,76.33,84,100,1.21,ID,2021-11-06 18:46:03
305,Sinnamary,5.3833,-52.95,80.62,81,98,7.92,GF,2021-11-06 18:46:03
306,Lumby,50.2498,-118.969,42.19,84,100,2.3,CA,2021-11-06 18:46:04
307,Pionerskiy,54.9508,20.2275,49.84,81,100,27.96,RU,2021-11-06 18:46:04
308,Baykit,61.67,96.37,13.87,99,99,2.19,RU,2021-11-06 18:46:05
309,Cap Malheureux,-19.9842,57.6142,75.69,77,83,5.99,MU,2021-11-06 18:46:05
310,Puerto Leguizamo,-0.1934,-74.7819,79.66,91,100,3.24,CO,2021-11-06 18:46:05
311,Karasjok,69.4719,25.5112,32.11,89,100,10.29,NO,2021-11-06 18:46:06
312,Saskylakh,71.9167,114.0833,8.1,90,98,13.98,RU,2021-11-06 18:46:06
313,Takoradi,4.8845,-1.7554,79.75,83,68,8.86,GH,2021-11-06 18:46:06
314,Fort-Shevchenko,44.5086,50.263,46.2,43,2,17.54,KZ,2021-11-06 18:46:07
315,Fort Nelson,58.8053,-122.7002,31.59,93,90,2.3,CA,2021-11-06 18:43:09
316,Prince Rupert,54.3161,-130.3201,38.89,93,100,11.5,CA,2021-11-06 18:45:22
317,Sao Gabriel Da Cachoeira,-0.1303,-67.0892,89.4,62,40,3.44,BR,2021-11-06 18:47:08
318,Voyvozh,62.892,54.9635,37.94,96,100,9.19,RU,2021-11-06 18:47:08
319,Abu Samrah,35.3029,37.1841,67.3,39,0,3.74,SY,2021-11-06 18:47:08
320,Naze,28.3667,129.4833,67.35,82,32,33.26,JP,2021-11-06 18:47:09
321,Walvis Bay,-22.9575,14.5053,63.55,63,2,10.36,NA,2021-11-06 18:47:09
322,Korla,41.7597,86.1469,26.26,42,0,4.38,CN,2021-11-06 18:47:09
323,Margate,51.3813,1.3862,55.11,79,71,4.0,GB,2021-11-06 18:47:10
324,Laziska Gorne,50.1495,18.8422,42.39,88,3,7.67,PL,2021-11-06 18:47:10
325,Buala,-8.145,159.5921,80.56,76,49,8.9,SB,2021-11-06 18:47:10
326,Rawson,-43.3002,-65.1023,78.8,18,100,30.06,AR,2021-11-06 18:47:11
327,Black Forest,39.0131,-104.7008,71.56,12,1,8.01,US,2021-11-06 18:47:11
328,Vaitape,-16.5167,-151.75,80.08,68,100,5.06,PF,2021-11-06 18:47:11
329,Balakirevo,56.5059,38.8432,42.42,77,100,14.97,RU,2021-11-06 18:47:12
330,Maragogi,-9.0122,-35.2225,81.77,75,2,16.89,BR,2021-11-06 18:43:04
331,Iwanai,42.9744,140.5089,45.66,82,94,4.52,JP,2021-11-06 18:47:12
332,Acapulco,16.8634,-99.8901,85.82,70,1,4.61,MX,2021-11-06 18:43:05
333,Torbay,47.6666,-52.7314,40.28,77,75,18.41,CA,2021-11-06 18:47:13
334,Ilulissat,69.2167,-51.1,19.42,49,75,14.97,GL,2021-11-06 18:47:13
335,Nikolskoye,59.7035,30.7861,40.87,91,100,6.62,RU,2021-11-06 18:47:13
336,Oksfjord,70.2396,22.3479,33.87,91,100,6.58,NO,2021-11-06 18:47:14
337,Timmins,48.4669,-81.3331,46.22,71,90,6.91,CA,2021-11-06 18:47:14
338,Voznesenskoye,54.89,42.7569,43.14,85,41,11.36,RU,2021-11-06 18:47:14
339,Riihimaki,60.7377,24.7773,36.45,88,8,8.12,FI,2021-11-06 18:47:15
340,Padang,-0.9492,100.3543,75.25,93,100,2.77,ID,2021-11-06 18:47:15
341,Redcar,54.6166,-1.06,54.37,67,67,15.01,GB,2021-11-06 18:47:15
342,Concordia,-31.393,-58.0209,73.47,57,75,15.99,AR,2021-11-06 18:47:16
343,Lavrentiya,65.5833,-171.0,2.68,80,0,6.89,RU,2021-11-06 18:47:16
344,Swan Hill,-35.3378,143.5544,57.27,94,77,9.6,AU,2021-11-06 18:47:16
345,Havre-Saint-Pierre,50.2334,-63.5986,45.19,76,90,20.71,CA,2021-11-06 18:47:17
346,Khromtau,50.2503,58.4347,27.9,25,63,11.41,KZ,2021-11-06 18:47:17
347,Caleta De Carquin,-11.0925,-77.6267,69.46,73,29,10.47,PE,2021-11-06 18:47:17
348,Tahta,26.7693,31.5021,77.09,39,0,5.93,EG,2021-11-06 18:47:18
349,Xinqing,48.2333,129.5,14.52,66,0,4.23,CN,2021-11-06 18:47:18
350,Derazhnya,49.2692,27.4338,40.46,76,2,6.91,UA,2021-11-06 18:47:18
351,Mayo,38.8876,-76.5119,58.77,60,1,8.99,US,2021-11-06 18:47:19
352,Beringovskiy,63.05,179.3167,13.62,91,100,7.96,RU,2021-11-06 18:47:19
353,Borzoy,42.8415,45.6275,41.23,63,7,4.56,RU,2021-11-06 18:47:19
354,Lisala,2.15,21.5167,73.27,89,11,1.99,CD,2021-11-06 18:47:20
355,Guerrero Negro,27.9769,-114.0611,76.1,51,0,6.91,MX,2021-11-06 18:48:20
356,Oktyabrskiy,54.4815,53.471,38.32,40,100,21.97,RU,2021-11-06 18:48:20
357,Stokmarknes,68.5646,14.9108,38.5,87,100,2.98,NO,2021-11-06 18:48:20
358,Alvaraes,-3.2208,-64.8042,91.27,70,100,3.51,BR,2021-11-06 18:48:21
359,Nouadhibou,20.931,-17.0347,73.38,60,4,13.8,MR,2021-11-06 18:48:21
360,Dingle,10.9995,122.6711,77.2,92,100,5.88,PH,2021-11-06 18:48:21
361,Inverell,-29.7833,151.1167,59.16,93,99,7.0,AU,2021-11-06 18:48:22
362,Jumla,29.2747,82.1838,41.52,45,76,5.08,NP,2021-11-06 18:48:22
363,Harpanahalli,14.8,75.9833,72.05,78,100,5.46,IN,2021-11-06 18:48:22
364,San Luis,-33.295,-66.3356,70.68,27,2,2.46,AR,2021-11-06 18:48:23
365,Hellvik,59.9156,5.781,49.77,85,100,8.01,NO,2021-11-06 18:48:23
366,Surgut,61.25,73.4167,33.98,100,75,15.66,RU,2021-11-06 18:48:23
367,Hithadhoo,-0.6,73.0833,82.31,76,80,14.2,MV,2021-11-06 18:44:57
368,Zuenoula,7.4292,-6.0431,80.56,70,66,4.54,CI,2021-11-06 18:48:24
369,Pingliang,35.5392,106.6861,21.15,49,100,17.11,CN,2021-11-06 18:44:25
370,Bordighera,43.7806,7.6645,60.55,31,99,1.99,IT,2021-11-06 18:48:24
371,Mahuta,-10.8667,39.45,70.63,87,33,6.02,TZ,2021-11-06 18:48:25
372,Vanavara,60.34,102.2797,18.84,95,99,7.2,RU,2021-11-06 18:48:25
373,North Bend,43.4065,-124.2243,53.85,85,40,8.05,US,2021-11-06 18:48:25
374,Roald,62.5833,6.1333,42.33,75,0,19.57,NO,2021-11-06 18:48:25
375,Coahuayana,18.7333,-103.6833,90.0,54,100,4.83,MX,2021-11-06 18:48:26
376,Gioia Tauro,38.424,15.899,76.68,82,100,13.27,IT,2021-11-06 18:48:26
377,Terrak,65.087,12.3715,37.27,83,79,2.48,NO,2021-11-06 18:48:26
378,Boditi,6.9667,37.8667,58.14,83,21,2.71,ET,2021-11-06 18:48:27
379,Aguimes,27.9054,-15.4461,66.83,62,75,21.85,ES,2021-11-06 18:48:27
380,Beaverlodge,55.2166,-119.4361,33.15,49,100,5.17,CA,2021-11-06 18:48:27
381,Akersberga,59.4794,18.2997,37.36,85,100,6.04,SE,2021-11-06 18:48:28
382,Naryan-Mar,67.6713,53.087,33.01,99,100,6.85,RU,2021-11-06 18:48:28
383,Shiraz,29.6036,52.5388,58.44,47,40,4.61,IR,2021-11-06 18:48:28
384,Menongue,-14.6585,17.691,71.96,53,87,2.24,AO,2021-11-06 18:48:29
385,Lincoln,40.8,-96.667,67.39,60,1,4.0,US,2021-11-06 18:48:29
386,Aklavik,68.2191,-135.0107,17.6,93,90,10.36,CA,2021-11-06 18:48:29
387,Valparaiso,-33.0393,-71.6273,68.23,52,0,5.75,CL,2021-11-06 18:48:30
388,Pouebo,-20.4,164.5667,69.82,79,8,5.86,NC,2021-11-06 18:48:30
389,Ponta Do Sol,32.6667,-17.1,70.72,62,66,7.63,PT,2021-11-06 18:48:30
390,Douentza,14.9951,-2.9517,92.07,19,89,3.53,ML,2021-11-06 18:48:30
391,Boljevac,43.8303,21.9531,49.86,93,73,3.13,RS,2021-11-06 18:48:31
392,Santiago Del Estero,-27.7951,-64.2615,60.21,52,99,6.15,AR,2021-11-06 18:48:31
393,Makat,47.6469,53.3463,36.45,39,52,11.03,KZ,2021-11-06 18:48:32
394,Colares,38.7992,-9.4469,56.89,44,0,1.99,PT,2021-11-06 18:48:32
395,Meseista,41.2386,20.7767,52.84,82,75,0.0,MK,2021-11-06 18:48:32
396,Iqaluit,63.7506,-68.5145,26.33,68,75,10.0,CA,2021-11-06 18:48:32
397,Trinidad,-14.8333,-64.9,71.58,78,75,12.66,BO,2021-11-06 18:45:29
398,Prainha,-1.8,-53.48,91.33,46,68,3.58,BR,2021-11-06 18:48:33
399,Tuatapere,-46.1333,167.6833,51.82,83,100,2.04,NZ,2021-11-06 18:48:33
400,Kanturk,52.1667,-8.9,50.81,82,100,12.77,IE,2021-11-06 18:48:34
401,Bonavista,48.6499,-53.1147,42.12,61,44,22.7,CA,2021-11-06 18:48:34
402,Itaituba,-4.2761,-55.9836,84.36,79,40,3.44,BR,2021-11-06 18:48:34
403,Oga,46.4631,10.347,29.7,61,0,0.04,IT,2021-11-06 18:49:35
404,Kutum,14.2,24.6667,76.5,23,0,11.52,SD,2021-11-06 18:49:35
405,Okato,-39.2,173.8833,56.68,78,21,3.94,NZ,2021-11-06 18:49:35
406,Teruel,40.6667,-0.6667,46.36,82,7,9.46,ES,2021-11-06 18:49:35
407,Nizwa,22.9333,57.5333,73.04,49,35,7.65,OM,2021-11-06 18:49:36
408,Punta Alta,-38.8759,-62.0736,66.42,38,100,12.28,AR,2021-11-06 18:46:44
409,Ahipara,-35.1667,173.1667,59.31,91,9,2.08,NZ,2021-11-06 18:49:36
410,Agadez,19.75,10.25,78.69,12,0,4.61,NE,2021-11-06 18:49:37
411,Itarema,-2.9248,-39.9167,85.21,64,35,15.97,BR,2021-11-06 18:49:37
412,Hobyo,5.3505,48.5268,80.73,68,30,10.31,SO,2021-11-06 18:49:37
413,Apache Junction,33.4151,-111.5496,85.93,21,1,3.0,US,2021-11-06 18:49:37
414,Bassano,50.7834,-112.4685,48.43,27,0,2.08,CA,2021-11-06 18:49:38
415,Roberval,48.5168,-72.2324,52.25,53,20,11.5,CA,2021-11-06 18:49:38
416,Yatou,37.15,122.3833,56.14,78,67,4.54,CN,2021-11-06 18:49:38
417,Baie-Comeau,49.2168,-68.1489,50.09,71,1,25.32,CA,2021-11-06 18:49:39
418,Altus,34.6381,-99.334,67.51,55,1,6.91,US,2021-11-06 18:49:39
419,Jaisalmer,26.9147,70.9181,78.03,20,26,6.96,IN,2021-11-06 18:49:40
420,Sarakhs,36.5449,61.1577,39.16,22,100,2.06,IR,2021-11-06 18:49:40
421,Qaqortoq,60.7167,-46.0333,30.7,83,100,9.55,GL,2021-11-06 18:49:40
422,Kanlagay,5.8757,121.2915,81.12,82,99,5.3,PH,2021-11-06 18:49:40
423,Brae,60.3964,-1.353,51.71,87,100,29.75,GB,2021-11-06 18:49:41
424,Sao Joao Da Barra,-21.6403,-41.0511,78.89,71,16,15.28,BR,2021-11-06 18:49:41
425,Piney Green,34.716,-77.3202,64.33,76,90,18.41,US,2021-11-06 18:49:41
426,Dhangadhi,28.7079,80.5961,62.04,71,82,2.57,NP,2021-11-06 18:49:42
427,Thinadhoo,0.5333,72.9333,82.99,71,100,14.29,MV,2021-11-06 18:49:42
428,Malakal,9.5334,31.6605,81.77,48,38,2.71,SS,2021-11-06 18:49:42
429,Aksay,47.26,39.87,50.25,62,36,1.01,RU,2021-11-06 18:49:43
430,Jeremie,18.65,-74.1167,84.4,69,78,3.6,HT,2021-11-06 18:49:43
431,Sao Filipe,14.8961,-24.4956,80.1,71,44,9.75,CV,2021-11-06 18:49:43
432,Jinchang,38.4953,102.1739,17.46,34,6,8.68,CN,2021-11-06 18:49:44
433,Tanout,14.9709,8.8879,85.91,11,88,9.6,NE,2021-11-06 18:49:44
434,Emba,48.8264,58.1442,31.06,23,19,8.25,KZ,2021-11-06 18:49:44
435,San Andres,12.5847,-81.7006,87.82,70,20,10.36,CO,2021-11-06 18:49:45
436,Pangoa,-12.1167,-73.0,77.9,91,100,0.27,PE,2021-11-06 18:49:45
437,Ambon,-3.6954,128.1814,75.34,94,20,5.75,ID,2021-11-06 18:49:45
438,Maxixe,-23.8597,35.3472,76.84,88,20,14.0,MZ,2021-11-06 18:49:46
439,Le Port,-20.9373,55.2919,75.2,95,4,2.98,RE,2021-11-06 18:49:46
440,Manbij,36.5281,37.9549,56.17,34,0,1.48,SY,2021-11-06 18:49:46
441,Piacabucu,-10.4056,-36.4344,82.17,71,84,15.61,BR,2021-11-06 18:49:47
442,Labuhan,-6.8844,112.2051,82.53,73,100,2.75,ID,2021-11-06 18:49:47
443,Sao Felix Do Xingu,-6.6447,-51.995,75.11,94,95,5.14,BR,2021-11-06 18:49:47
444,Zhangjiakou,40.81,114.8794,15.4,88,100,10.33,CN,2021-11-06 18:46:54
445,Grindavik,63.8424,-22.4338,37.35,93,90,14.97,IS,2021-11-06 18:49:48
446,Lompoc,34.6391,-120.4579,80.08,90,40,3.44,US,2021-11-06 18:48:25
447,Abay,49.6311,72.8539,21.58,66,100,6.02,KZ,2021-11-06 18:49:48
448,Mancio Lima,-7.6142,-72.8958,87.87,70,40,4.61,BR,2021-11-06 18:49:48
449,Muzhi,65.3667,64.6667,36.81,94,100,17.83,RU,2021-11-06 18:50:49
450,Sola,-13.8833,167.55,74.07,100,90,0.0,VU,2021-11-06 18:50:49
451,Garowe,8.4054,48.4845,73.02,72,61,11.05,SO,2021-11-06 18:50:50
452,Tessalit,20.1986,1.0114,86.34,14,57,9.46,ML,2021-11-06 18:50:50
453,Pravda,46.9396,142.009,42.8,65,100,21.07,RU,2021-11-06 18:50:50
454,Turayf,31.6725,38.6637,64.65,45,0,11.5,SA,2021-11-06 18:50:09
455,Seoul,37.5683,126.9778,53.04,90,1,1.14,KR,2021-11-06 18:46:25
456,Pavlovka,52.6897,47.1405,43.3,68,100,17.36,RU,2021-11-06 18:50:51
457,New Bern,35.1085,-77.0441,64.42,79,90,20.71,US,2021-11-06 18:50:51
458,Bengkulu,-3.8004,102.2655,76.14,92,100,12.01,ID,2021-11-06 18:50:51
459,Port Hedland,-20.3167,118.5667,77.05,88,54,10.36,AU,2021-11-06 18:50:52
460,Turukhansk,65.8167,87.9833,22.91,95,100,20.15,RU,2021-11-06 18:50:52
461,Galesong,-5.3166,119.3661,77.02,83,100,3.69,ID,2021-11-06 18:50:52
462,Mocuba,-16.8392,36.9856,72.54,80,41,2.98,MZ,2021-11-06 18:50:53
463,Belaya Gora,68.5333,146.4167,8.11,94,100,7.29,RU,2021-11-06 18:50:53
464,Kamenka,51.3223,42.7678,47.68,88,100,12.3,RU,2021-11-06 18:50:53
465,Tabuk,17.4189,121.4443,73.99,94,85,0.92,PH,2021-11-06 18:50:54
466,Tautira,-17.7333,-149.15,84.22,79,43,7.81,PF,2021-11-06 18:50:54
467,Narsingdi,23.9208,90.7181,77.02,76,12,5.97,BD,2021-11-06 18:50:54
468,Tual,-5.6667,132.75,83.32,72,76,1.92,ID,2021-11-06 18:50:55
469,Maputo,-25.9653,32.5892,78.48,83,75,17.27,MZ,2021-11-06 18:50:55
470,Dukat,62.55,155.55,13.46,94,100,6.89,RU,2021-11-06 18:50:55
471,Grenada,37.1882,-3.6067,50.36,57,0,8.99,ES,2021-11-06 18:50:55
472,Nome,64.5011,-165.4064,17.67,73,90,6.91,US,2021-11-06 18:50:56
473,Robe,-37.1833,139.75,53.17,64,17,11.81,AU,2021-11-06 18:50:56
474,Severo-Yeniseyskiy,60.3725,93.0408,20.1,92,99,11.23,RU,2021-11-06 18:50:56
475,Kushmurun,52.4503,64.6311,31.82,22,100,14.63,KZ,2021-11-06 18:50:57
476,Tynda,55.1667,124.7167,9.93,49,24,2.3,RU,2021-11-06 18:50:57
477,Sindor,62.8629,51.8905,39.07,94,100,8.66,RU,2021-11-06 18:50:57
478,Wajima,37.4,136.9,58.75,68,1,13.2,JP,2021-11-06 18:50:58
479,Porto Empedocle,37.2934,13.5264,70.84,63,100,18.45,IT,2021-11-06 18:50:58
480,Asfi,32.2994,-9.2372,62.08,53,0,25.68,MA,2021-11-06 18:50:58
481,Puerto Carreno,6.189,-67.4859,94.14,43,89,6.33,CO,2021-11-06 18:50:59
482,Ruidoso,33.3317,-105.673,72.63,16,1,1.01,US,2021-11-06 18:50:59
483,Comodoro Rivadavia,-45.8667,-67.5,87.66,10,0,14.97,AR,2021-11-06 18:50:59
484,Honiara,-9.4333,159.95,76.44,87,14,4.9,SB,2021-11-06 18:50:37
485,Amahai,-3.3333,128.9167,78.67,84,90,3.94,ID,2021-11-06 18:51:00
486,Maningrida,-12.0667,134.2667,82.49,75,87,5.7,AU,2021-11-06 18:51:00
487,Praia Da Vitoria,38.7333,-27.0667,70.75,88,40,21.14,PT,2021-11-06 18:50:52
488,Mukhtolovo,55.4644,43.1953,43.61,79,79,12.21,RU,2021-11-06 18:51:00
489,Mount Darwin,-16.7725,31.5838,79.65,26,15,5.21,ZW,2021-11-06 18:51:01
490,Yurgamysh,55.3714,64.4656,32.54,54,100,15.79,RU,2021-11-06 18:51:01
491,Kinsale,51.7075,-8.5306,51.24,81,20,8.05,IE,2021-11-06 18:51:02
492,Healdsburg,38.6105,-122.8692,58.66,81,100,5.01,US,2021-11-06 18:51:03
493,Ust-Tsilma,65.441,52.1498,38.03,96,100,9.4,RU,2021-11-06 18:51:03
494,Mondovi,44.396,7.8176,55.78,61,45,3.13,IT,2021-11-06 18:51:04
495,Eureka,40.8021,-124.1637,55.26,95,100,1.01,US,2021-11-06 18:52:04
496,Viedma,-40.8135,-62.9967,76.91,13,100,14.23,AR,2021-11-06 18:52:04
497,Altamira,-3.2033,-52.2064,87.89,66,40,3.44,BR,2021-11-06 18:52:05
498,Bubaque,11.2833,-15.8333,84.34,73,8,12.12,GW,2021-11-06 18:52:05
499,Chikitigarh,19.2,84.6167,70.32,82,31,3.04,IN,2021-11-06 18:52:05
500,Bahia Honda,22.9036,-83.1592,78.04,65,55,14.41,CU,2021-11-06 18:52:06
501,Aranos,-24.1333,19.1167,86.79,11,81,20.54,NA,2021-11-06 18:52:06
502,Sao Gabriel,-30.3364,-54.32,62.94,84,100,10.2,BR,2021-11-06 18:49:23
503,Nepomuceno,-21.2358,-45.2358,79.23,57,100,9.57,BR,2021-11-06 18:52:07
504,Akdepe,42.0551,59.3788,30.29,24,0,7.27,TM,2021-11-06 18:52:07
505,Namibe,-15.1961,12.1522,70.27,83,84,5.73,AO,2021-11-06 18:52:07
506,San Pedro,14.35,121.0167,81.32,82,20,3.44,PH,2021-11-06 18:52:08
507,Sept-Iles,50.2001,-66.3821,48.72,70,75,10.0,CA,2021-11-06 18:52:08
508,Robertson,36.5167,-86.8667,61.38,53,1,4.61,US,2021-11-06 18:52:08
509,Coihaique,-45.5752,-72.0662,69.75,35,0,6.91,CL,2021-11-06 18:52:09
510,Pasni,25.2631,63.471,77.41,62,0,4.79,PK,2021-11-06 18:52:09
511,Kapit,2.0167,112.9333,74.1,99,100,0.74,MY,2021-11-06 18:52:09
512,Pitimbu,-7.4706,-34.8086,88.39,71,13,11.23,BR,2021-11-06 18:52:10
513,Vila Velha,-20.3297,-40.2925,78.75,77,75,5.01,BR,2021-11-06 18:52:10
514,Camacha,33.0833,-16.3333,65.62,60,75,18.41,PT,2021-11-06 18:52:10
515,Hami,42.8,93.45,24.19,40,0,3.33,CN,2021-11-06 18:52:11
516,Dauriya,49.9333,116.8667,13.89,49,0,7.07,RU,2021-11-06 18:52:11
517,State College,40.7934,-77.86,52.52,42,1,1.01,US,2021-11-06 18:50:06
518,Guozhen,34.3659,107.359,30.22,80,93,3.36,CN,2021-11-06 18:52:11
519,Staryy Nadym,65.6118,72.6842,33.58,98,100,18.19,RU,2021-11-06 18:52:12
520,Storsteinnes,69.2408,19.2344,33.39,92,100,4.74,NO,2021-11-06 18:52:12
521,Kudahuvadhoo,2.6708,72.8944,82.56,74,98,14.0,MV,2021-11-06 18:52:12
522,San Quintin,30.4833,-115.95,70.21,66,0,7.94,MX,2021-11-06 18:52:13
523,Port Augusta,-32.5,137.7667,61.7,71,100,15.55,AU,2021-11-06 18:52:13
524,Glendive,47.1053,-104.7125,65.03,41,1,10.36,US,2021-11-06 18:52:13
525,Eyl,7.9803,49.8164,77.65,66,10,7.81,SO,2021-11-06 18:52:14
526,Saint George,37.1041,-113.5841,79.27,30,42,1.01,US,2021-11-06 18:51:20
527,Akureyri,65.6835,-18.0878,33.73,93,90,10.36,IS,2021-11-06 18:52:14
528,Wuwei,37.9281,102.6414,10.42,65,0,6.11,CN,2021-11-06 18:52:14
529,Burnie,-41.0667,145.9167,50.72,80,4,11.95,AU,2021-11-06 18:52:15
530,Hirara,24.8,125.2833,76.93,77,100,12.33,JP,2021-11-06 18:52:15
531,Clarence Town,-32.5833,151.7833,63.95,89,96,2.35,AU,2021-11-06 18:52:15
532,Ilhabela,-23.7781,-45.3581,72.79,76,49,4.61,BR,2021-11-06 18:52:15
533,North Myrtle Beach,33.816,-78.68,61.02,80,90,1.01,US,2021-11-06 18:52:16
534,Molina,-35.1167,-71.2833,86.38,34,0,5.75,CL,2021-11-06 18:52:16
535,Kameno,42.5667,27.3,57.49,100,75,8.05,BG,2021-11-06 18:52:16
536,Cap-Chat,49.1001,-66.6821,46.4,71,11,28.77,CA,2021-11-06 18:52:17
537,Tulsipur,28.131,82.2973,55.06,76,22,4.23,NP,2021-11-06 18:52:17
538,Zeya,53.75,127.2667,14.47,45,13,2.59,RU,2021-11-06 18:52:17
539,Avera,33.194,-82.5271,54.75,40,100,12.57,US,2021-11-06 18:52:18
540,Krasnoarmeysk,51.0239,45.6969,47.07,57,100,17.56,RU,2021-11-06 18:52:18
541,Makakilo City,21.3469,-158.0858,79.61,68,1,3.44,US,2021-11-06 18:52:18
542,Savannah Bight,16.45,-85.85,82.0,70,80,19.15,HN,2021-11-06 18:53:19
543,Bizhbulyak,53.6967,54.2642,34.61,39,100,23.38,RU,2021-11-06 18:53:19
544,Mykolayiv,46.9659,31.9974,51.12,57,100,6.82,UA,2021-11-06 18:53:19
545,Dongsheng,39.8161,109.9776,14.79,75,100,9.84,CN,2021-11-06 18:53:20
546,Midland,31.9974,-102.0779,73.69,44,1,6.91,US,2021-11-06 18:49:36
547,Guiyang,26.5833,106.7167,59.49,88,90,6.71,CN,2021-11-06 18:53:20
548,Begoro,6.3871,-0.3774,74.28,85,75,3.38,GH,2021-11-06 18:53:20
549,Bethanien,-26.502,17.1583,73.17,15,81,7.18,NA,2021-11-06 18:53:21
550,Kibondo,-3.5864,30.7203,65.86,66,95,3.22,TZ,2021-11-06 18:53:21
551,Muravlenko,63.7898,74.523,32.92,98,100,23.11,RU,2021-11-06 18:53:21
552,Jalu,29.0331,21.5482,73.89,33,0,8.08,LY,2021-11-06 18:53:22
553,Mogadishu,2.0371,45.3438,79.39,76,15,14.32,SO,2021-11-06 18:53:22
554,Dossor,47.5272,52.9811,36.64,41,76,11.21,KZ,2021-11-06 18:53:22
555,Mayor Pablo Lagerenza,-19.9309,-60.7718,60.73,65,100,8.97,PY,2021-11-06 18:53:23
556,Shouguang,36.88,118.7375,57.96,90,99,10.96,CN,2021-11-06 18:53:23
